source_post_id,source_post_url,source_author,publish_time,text,repost_count,comment_count,like_count,spread_score
5192118454714744,https://weibo.com/5661606921/PCEq9jMwg?refer_flag=1001030103_,张碧晨Studio,2025年07月25日 02:16, 张碧晨超话 近日，网络上关于歌曲《年轮》的相关言论引发了不必要的争议与误解。为正视听，也为维护张碧晨女士作为该作品唯一原唱的合法权益，我们郑重说明如下： ​,22415,62736,638101,41235.8
5195846526173533,https://weibo.com/5383175175/PEdpapU17?refer_flag=1001030103_,我爱中低音,2025年08月04日 09:10, 张碧晨超话 💎 #张碧晨爱的史诗交响演唱会# 【‼张碧晨粉丝不限⭕澄清抽奖‼】 初始奖池🈶【10910】及丰富实物奖品🎁 ‼转发带话题 #张碧晨粉丝不限圈抽奖# 即可参与抽奖 ‼【奖池详细见图9】 ‼【奖池持续加码中】‼ 近日事发以来，张碧晨被断章取义、扭曲事实，误导路人，各种发言及行为远远脱离作品本身，谣言中伤张碧晨。 为澄清谣言，张碧晨粉丝发起不限圈抽奖⭕为广大路人澄清事实真相👇🏻 一、关于《年轮》事件澄清 澄清详见👉🏻 微博正文 1.女方争唯一原唱后被收回版权，假❌ 实为7月23日下架张碧晨原唱标识后，男方主张双原唱，收回版权后，女方发布声明列举证据为唯一原唱 2.旺仔小乔向张碧晨购买版权，假❌ 实为旺仔小乔向酷狗获得授权 3.《年轮》十年未交版权费，假❌ 实为演唱会嘉宾单曲当次免版权费 4.两版《年轮》同期发布，假❌ 实为各大音乐平台、海外平台，皆为女版年轮首发；所谓同期为专辑合并时间 5.剧里存有两版《年轮》配乐，假❌ 实为剧里只有女版《年轮》贴片 二、关于“私生饭”谣言的实质澄清 澄清详见👉🏻 O 网页链接 1. 所谓“私生证据图”实为公开活动记录 网传机场、歌友会照片均为合法公开的商业演出及粉丝见面场合。 2. “蹲守宿舍”早有正面回应 对此张碧晨于官方采访中已正面回复“没有的事，当时根本不在该宿舍地点” 3. “偷吃蛋糕”事件系蓄意时间线造假 蛋糕实为后台工作人员统一派发的粉丝福利 4.网传范围最广“偷nk图” 实为p图，p图人早已提告且告赢 三、关于“碧水深潭”谣言 的实质澄清 澄清详见👉🏻 O 网页链接 1. 所谓“赵女士点赞”实为反谣言佐证 赵女士微博点赞内容实为支持张碧晨，却被恶意截图造谣 2.谣言事件男方社交媒体平台公开辟谣：假绯闻 3.谣言事件男方22年9月曾任h/c/y演唱会音乐总监和音乐设计 希望大家理性看待，共同维护网络秩序 O 抽奖详情 收起 d,19648,4031,5553,20857.3
5194482524097071,https://weibo.com/7307411548/PDDVahbPN?refer_flag=1001030103_,打工小狗天天摸鱼版,2025年07月31日 14:50,#张碧晨汪苏泷都是受害者# 谁是真正的受害者? 两位歌手皆受损:张碧晨遭遇演唱会票房遇冷、公众形象受损;汪苏泷虽获部分路人支持，但也承受绝情翻脸的批评，且失去了长期合作的朋友。 ·歌迷与音乐本身最受伤:一首承载无数人回忆的经典歌曲，未来或将难在现场重现。正如一位博主所言:从此以后你可能再也听不到张碧晨live版的《年轮》了。 结论:这场风波并非简单的谁对谁错，而是音乐产业版权机制不健全、公众认知偏差与网络传播放大效应共同作用的结果。张碧晨与汪苏泷，一位是演绎者，一位是创作者，本应是互相成就的关系，却因一场本可协商的争议走向对立。 #智搜分析我的刷博好搭子# 文案:（微博智搜） 收起 d,4108,385,10371,4223.5
5192371266390237,https://weibo.com/1642591402/PCKZUqOol?refer_flag=1001030103_,新浪娱乐,2025年07月25日 19:00,#张碧晨方称享有年轮永久演唱权利# #张碧晨不再演唱年轮# ​​​25日， @张碧晨 工作室就《年轮》歌曲引发的舆论争议作出回应，表示经查阅正式合约，张碧晨依法享有该歌曲在全球范围内的永久演唱的权利，但出于尊重与自我选择，张碧晨今后将不再演唱该歌曲。 ​​​,3050,27536,437676,11310.8
5194174112729143,https://weibo.com/7307411548/PDvTJbrYr?refer_flag=1001030103_,打工小狗天天摸鱼版,2025年07月30日 18:24,#旺仔小乔是张碧晨最大的黑粉吧# 张碧晨广州站演唱会开票遇冷，直播间售票遭网友刷屏干扰，。此前因“旺仔小乔”言论引发《年轮》原唱争议。张碧晨曾称和汪苏泷关系非常好，曾说过“《年轮》是关系非常好的朋友为我写的”，最后双方关系演变成这样旺仔小乔可谓“功不可没”，对此你怎么看。 #暑期嘉年华# 收起 d,2669,2775,52978,3501.5
5192245323497937,https://weibo.com/2378564111/PCHIMeFYl?refer_flag=1001030103_,娱乐扒皮,2025年07月25日 10:40,#张碧晨告别年轮# 张碧晨值此《年轮》发行十周年之际，好好和这首作品告个别。 ​​​,2454,7527,382303,4712.1
5193852563755709,https://weibo.com/1682207150/PDnx6fL1X?refer_flag=1001030103_,南方日报,2025年07月29日 21:06,【 #专家称张碧晨唯一原唱证据不足# 】 #专家分析张碧晨是否有权再唱年轮# 7月25日，因网红“旺仔小乔”称歌曲《年轮》的原唱是  张碧晨超话 、非  汪苏泷超话 而引发的争议，汪苏泷方回应表示该歌曲为“双原唱”，并宣布收回《年轮》的授权，暂不授权该作品做任何演唱。 随后，张碧晨工作室亦发布声明和相关证明资料，坚持张碧晨为该歌曲的“唯一原唱”。 “原唱”和“双原唱”的认定是什么？张碧晨方坚持“唯一原唱”的证据足够充分吗？ 海润天睿律师事务所高级合伙人、文化娱乐与传媒业务部主任杨曙光向记者分析，首先，从立法层面来说，我国目前并无单行法专门定义“原唱”，但可适用《著作权法》与《民法典》的体系解释。《著作权法》第40条规定，首次录制并公开发行录音制品的演唱者，享有“录音制作者权”中的表演者权。《民法典》第1023条规定，禁止在翻唱时以误导方式隐匿“首次公开发表的表演者身份”。学界与司法实践通常把该“首次公开发表的表演者”视为“原唱”。 其次，从行业惯例角度来说，是“时间优先”原则，也就是以录音制品的首次公开发行时间为准。如果同一作品存在多个官方授权版本（如男女声双版本）时，只要均系“首次公开发行”，可认定为“多原唱”。 杨曙光表示，张碧晨方提供的证据可证明其“女声版首发”的事实，满足“时间优先”要件；但并不能排除“多原唱”可能，汪苏泷作为词曲作者及版权人，其发行的男声版同样属于官方授权的首发录音制品，亦符合《民法典》第1023条对原唱的定义。因此，张碧晨方提供的证据只能证明“首唱”，尚不足以在法律上得出“唯一原唱”结论。 “张碧晨、汪苏泷各自对其演唱版本享有表演者权；‘原唱’并非排他性概念，只要符合‘首次公开发行’标准，可并存。司法实践与行业惯例均认可‘双原唱’模式。”杨曙光说。 有业内音乐版权专家亦向记者指出，从行业惯例来看，原唱通常是指第一个将歌曲以正式发行的方式推向公众的演唱者，强调的是“首次公开发行”这一关键要素。 在他看来，由于目前法律上并无“唯一原唱”的说法和认定标准，而根据“原唱”的定义和张碧晨提供的证据，按照行业约定俗成，认定张碧晨为原唱并无问题。“张碧晨确实是首个公开发行并广泛传播该歌曲录音版本的歌手，其证据符合法律和行业惯例对于原唱的认定标准。”因此，该专家认为张碧晨方主张的“原唱”具有其合法性，但是否为“唯一原唱”具体还需看当时签署的合同约定。 知名乐评人爱地人则认为，一首OST歌曲两个歌手同时唱，肯定事先签署了双原唱合约。“即使上线时间略有偏差，比如差一两天，甚至几小时、几分钟，但同一个档期同一个OST，不可能同一首歌曲还要分谁是原唱，那另一个版本叫翻唱？同一个剧上线，一首主题曲或插曲，一个原唱一个翻唱？歌手怎么会签这种合约。” 对于汪苏泷方宣布暂不授权《年轮》做任何演唱这一做法，杨曙光分析其中的法律要点时指出，汪苏泷享有《年轮》完整词曲著作权（发表权、复制权、信息网络传播权、改编权等），任何人翻唱均需其许可。著作权人有权单方终止非独占性许可；汪苏泷收回授权后，任何第三方（含张碧晨）如需继续商业性演唱或发行，必须重新取得汪苏泷授权，否则构成侵权。 版权专家亦向记者表示，根据《著作权法》，词曲作者享有音乐作品的著作权，著作权包含人身权和财产权，其中表演权赋予了词曲作者决定作品如何被表演、谁来表演的权利。汪苏泷作为《年轮》的词曲作者，对该作品拥有不可置疑的版权，有权决定是否授权他人演唱或使用该作品。 同时，该专家指出，张碧晨是否具备可以继续使用该作品的权利，仍需看回最早张碧晨演唱该作品时，是否有正式合同以及合同是否有相关的期限和条件，才能判断张碧晨在日后的使用权利。 此前，张碧晨与汪苏泷曾有过同台合作，在社交平台上亦有过友好互动。此次张碧晨宁愿站在汪苏泷主张的对立面，也要坚持“唯一原唱”的名义，当中可能的原因有哪些？ 版权专家分析，从法律和事实角度，张碧晨认为自己符合“原唱”定义，坚持“唯一原唱”是为了维护自身权益，明确自己在歌曲演唱层面的原创地位，避免自身演唱成果被模糊或忽视。而从商业角度看，“原唱”身份可能涉及到歌曲相关的收益分配、演出邀请、品牌合作等利益，明确“唯一原唱”有助于在后续商业活动中占据更有利地位。“歌曲版权变现途径不多，信息网络传播是其中重要的一种。业界有个说法，流量被分走，就意味着版税被分走。音乐平台上热歌的‘原唱’标识对收听流量和版税的影响，比你想象的还要大。” #QQ音乐回应张碧晨仍是年轮原唱# （南方都市报） 收起 d,1723,1887,29129,2289.1
5192387968108888,https://weibo.com/1700720163/PCLqQy1uw?refer_flag=1001030103_,钱江晚报,2025年07月25日 20:07,#年轮纠纷撕裂了谁的体面# 旺仔小乔的一句“我认定的事不会改”，成功让《年轮》从KTV金曲沦为“法考真题”。这位网红的惊天一锤，砸出了音乐圈十年难遇的割席场景：两个原唱在热搜上互相递交“出生证明”，一夜之间，音乐版权也再度被拽回到公众视野中。 7月25日凌晨的互联网，注定不平静。0点刚过5分钟，汪苏泷工作室发文，宣布收回歌曲《年轮》所有商业演唱授权。15分钟后，张碧晨工作室的声明也来了，坚称张碧晨是“无可争议的唯一原唱”。 当旺仔小乔在直播间斩钉截铁宣称“《年轮》原唱只有张碧晨”时，她可能未曾想到，这句话会如同多米诺骨牌一般，推倒两位好友甚至整个行业的体面。 随后，音乐平台的标签操作让局势愈发无法挽回： QQ音乐在7月23日移除了张碧晨版《年轮》的“原唱”标识，仅标注为“演唱者”，而汪苏泷版本却仍保留“原唱”标签。 这一操作瞬间点燃舆论风暴。尽管平台在数小时后恢复标识，但裂痕已然产生。 汪苏泷方的终极态度在7月25日凌晨到来——收回《年轮》所有商业演唱授权，同时确认《梦幻诛仙》为双原唱模式。这一合法但凌厉的版权杀招，直接将张碧晨推入尴尬境地：她的录音版本仍可传播，但未来商演若唱《年轮》，将面临侵权风险。 张碧晨工作室则以国家级版权登记和十年前的首发记录为凭，强调其“无可争议的唯一原唱”地位。至此，十年合作伙伴，在版权战场上以一种特殊的方式相见了。 《年轮》版权之争，深植于2015年《花千骨》OST发行时的“双黄蛋”策略：张碧晨女声版（6月15日）与汪苏泷男声版（6月30日）先后落地。这本是行业心照不宣的“并行宇宙”（比如《知否知否》的胡夏与郁可唯版本）。但音乐平台的混乱标注，算是积了妥妥的“反向赛博功德”：网易云音乐勤恳标注“双原唱”，QQ音乐标签随心而动，此次更是上演了单方面“摘牌”的迷惑行为…… 法律定义的空白则让争议陷入死局。《著作权法》未对“原唱”作出明确定义，音著协人士坦言：“若合同未明确约定，创作人与首唱者均可能被认定为原唱”。 2015年那份尘封的合同细节，成了悬在空中的达摩克利斯之剑。汪苏泷昔日那句戏谑——“这首歌除了张碧晨，其他都是我的”，在今时今日看来，竟充满了“预见性”。 在规则模糊的荒原上，创作权与表演权这对本应共舞的伙伴，被迫上演了相互推高地的生死搏杀。 举个更形象的例子，如今的汪苏泷握着作品“不动产权证”，张碧晨只有十年租赁合同，而网红们举着手机在楼盘前拼命搞探房直播，网易云坚持“双胞胎业主”认证，QQ音乐连夜铲除张女士门牌号，酷狗音乐干脆挂出“产权争议中”的免责声明……十年树木年轮静好，十年金曲却陷入了“房产证加名”大战。 在内娱，很多事情都办得稀里糊涂的。汪苏泷行使版权收回权，无疑是法理框架内的“标准动作”。但这也不可避免地撕裂了音乐创作中微妙而珍贵的“共生肌理”。我们已经无数次见过类似的剧情，当版权之手轻轻一拨，表演者倾注心血、赋予歌曲灵魂乃至市场生命的巨大贡献，便有可能在法律天平上骤然“失重”。 《年轮》困局的背后，值得思索的，还有这些年来的OST产业。 2015年，张碧晨版《年轮》依托《花千骨》破圈，其传播逻辑本质是“剧带歌”。音乐作为剧集附属品，价值在于提升观众沉浸感，在国内制作预算常常不足总投资的1%，词曲作者与演唱者也大多是收取一次性劳务费，鲜少参与后续分成。这种“剧红歌红却难变现”的尴尬，恰如一些资深制作人所言：“把OST单拎出来赚钱？简直是天方夜谭！” 可想而知，作为电视剧的“过继儿子”，一首OST在诞生之初，本就带着未知的“命运”，一旦日后这个儿子发达了，此前模糊不清的版权规则，可能就成了埋着的雷。 一边是“创作与演唱权益割裂”的风险：汪苏泷作为词曲作者享有长期版税，而张碧晨虽以“剧用版”奠定大众认知（音乐平台1400万+的收藏量，远超汪苏泷的近500万+），其表演者权（邻接权）却难以从后续流媒体播放、翻唱授权中分羹； 另一边是“双版本”的风险：OST为适配剧情常衍生多版本（如男女声、角色曲），但行业缺乏对“并行首发”权益的约定模板。当《年轮》双版从“艺术互补”走向“版权互斥”，一旦收益分配规则缺席，再加上有旺仔小乔这样的“火星”，争议很容易就像老房子那样一点就着。 别墅里面唱K，旺仔小乔就是那条没头没脑的“银龙鱼”。除了混淆“原唱”与“版权”的基本概念，她一面在直播间笃定地“指认”原唱，一面竟然还接受粉丝花抖币点唱《年轮》。版权方在流量变现的狂欢中，好像又被遗忘在了角落。 但局面已经无法挽回——旺仔小乔自身掉粉60万的代价，与这场闹剧对行业生态造成的震荡相比，不过是茶杯里的风暴。 目前来看，“年轮大战”的硝烟里，是“三输”的局面——汪苏泷背负“断人财路”的指摘；张碧晨痛失以代表作进行商业演唱的自由；而那些曾在旋律中寄存青春记忆的听众，则被迫见证了喜欢的歌曲沦为规则漏洞与利益博弈的祭品。 回望汪苏泷与张碧晨曾在聚光灯下携手演绎《年轮》的画面，恍如隔世。版权江湖也再一次用规则提醒所有人，在流量与创作的天平上，情感共鸣永远是最脆弱的砝码。（潮新闻 记者 陈宇浩） L 钱江晚报的微博视频 收起 d,1716,9847,208367,4670.1
5193337462325390,https://weibo.com/2287235162/PDa8i9KWi?refer_flag=1001030103_,娱闻女孩果果,2025年07月28日 11:00,#张碧晨方回应年轮原唱# ​ #汪苏泷方决定收回年轮授权# #张碧晨告别年轮# 哎 本来关系挺好的，怎么会搞成这个样！去年俩人还牵手一起演唱 年轮 啊！ 汪苏泷收回《年轮》演唱授权，坚持双原唱。张碧晨和《年轮》告别，坚持唯一原唱。这到底是谁的错？？？看图便知！ ​,1550,1055,1972,1866.5
5194218987063944,https://weibo.com/6275217849/PDx46tDEA?refer_flag=1001030103_,君君的旅行日记,2025年07月30日 21:22,我对汪苏泷和张碧晨都不喜欢也不讨厌，就事论事，这事汪苏泷做的就是过分。 如果说张碧晨有错，唯一的问题在于她对于《年轮》唯一原唱的定义，是否让你认同。 “原唱”没有什么法律定义，是行业约定成俗的概念。在我看来，原唱是第一个发行歌曲的人。所以张碧晨是原唱，还是唯一的，我觉得没什么错。 当然，如果你觉得随后立刻发行《年轮》的汪苏泷也是原唱，那是我们的观念不一样，没有对错。 但这不是重点，重点是现在一群人在颠倒黑白，模糊时间线。 真正的时间线是： 旺仔小乔在2021年的一段发言被挖出来，她说《年轮》的原唱是张碧晨。但旺仔小乔也没说对汪苏泷任何不敬的话。 时隔四年，这段发言被有心挖出。两方骂战，我觉得极端的粉丝哪一家都有，很难界定谁对谁错。 随后，张碧晨在qq音乐的《年轮》原唱标识被取消。这时，张碧晨什么话也没说。 汪苏泷率先发声，说要拿回《年轮》的版权，取消所有其他歌手演唱的资格。 直到这时候张碧晨才发声，第一次说自己是唯一原唱。 接下来，粉丝就开始在颠倒黑白，模糊时间线。造成一种假象：汪苏泷说《年轮》是双原唱，张碧晨反驳说自己是唯一原唱，所以汪苏泷收回版权，不让张碧晨唱了，大快人心。 大多数人没那么较真，看到就以为是真的。这几天张碧晨也上了一堆热搜，还被荡妇羞辱，什么偷男明星内裤，偷生孩子。还造谣什么张碧晨偷偷授权给旺仔小乔，来收钱，汪苏泷十年不收钱，免费让张碧晨唱《年轮》，这些弱智谣言被大肆散布，路人被洗脑。 况且张碧晨下个月就要开演唱会，歌单就有《年轮》这首歌，这时候毫无预测的收回演唱权，是不是太过分了点？ 在粉丝的不懈努力下，大家都觉得手握版权就可以为所欲为。殊不知，音乐圈是互相尊重的，演唱者的贡献也很大。 周杰伦给多少人写过歌了？他收回倒带、夏天的风、世界末日的版权了吗？这其中有些人和他关系后来还恶化了，也没见他小气吧啦不让对方唱歌了吧？还有林俊杰、陶喆、王力宏、五月天，谁会干这种事？ 这波操作就是破坏了创作者和歌手之间的相互信任，有法可依，但做得很不厚道，破坏行业环境。 收起 d,1476,5461,72559,3114.3
5194239692767734,https://weibo.com/6275217849/PDxBvbC0S?refer_flag=1001030103_,君君的旅行日记,2025年07月30日 22:45,没收张碧晨的钱，为什么抓着这个事情不放。因为我觉得她没错，但被各种花式上热搜围剿，看不下去了。 既然有人说我偏袒，那我用事实说话，请看下面的图。 《年轮》这首歌，主流市场有三个版本火，张碧晨版、汪苏泷版，以及旺仔小乔版。 7月23日，qq音乐取消了张碧晨关于《年轮》的原唱标识。注意看图1，她名字那没有“原唱”两个字。这件事还上了热搜。 没多久，qq音乐又标识了张碧晨和汪苏泷两个人都是原唱。双原唱的标识在qq音乐是首例。图2 当时，汪苏泷和张碧晨两方粉丝已经有摩擦，张碧晨工作室通过后援会转达给粉丝，让粉丝理性，不要引战，不要带节奏。图3 7月24日，张碧晨工作室发布正常的vlog，来看看热转，男方粉要求她回应自己是不是唯一原唱。都舞到正主面前了，到底谁家粉丝更欺负人更霸道呀？图4 7月25日，汪苏泷声明说收回所有版权，不给任何人演唱了。图5 在汪苏泷发了声明以后，张碧晨工作室才发声明，说自己是唯一原唱，也与这首歌告别。图6 男方粉丝混淆时间线，说张碧晨嘴硬坚持自己是双原唱，才被收回演唱权的。 时间线一列，是假的吧？ 接下来，又说张碧晨粉丝骂汪苏泷和粉丝，汪苏泷维护粉丝，才收回版权的。 张碧晨第一时间引导粉丝，要求停战了。况且，明眼人都能看出男方粉数量碾压女方，否则现在张碧晨会被打的毫无招架之力吗？直接把人家工作室微博热转都屠了，怎么看也是男粉更过分吧？ 粉丝又说：汪苏泷只是在维护他正常的权益，保护创作者的版权。 我同意创作者的版权应该被维护，但这一系列操作，是不是在抹杀张碧晨原唱的权益，是不是否认了她对这首歌的贡献？如果你觉得张碧晨说自己是唯一原唱是错的，那去跟qq音乐叫板啊，这十年qq音乐都一直标识张碧晨是唯一原唱。 qq音乐都宣告了十年，张碧晨只说过一次，怎么就光打张碧晨，不打qq音乐，欺软怕硬吗？ 答应我，不要因为粉了个男明星，就开始歪屁股当男宝妈好吗？ 收起 d,1453,3069,61375,2373.7
5193503950769345,https://weibo.com/5450389695/PDesP3e8N?refer_flag=1001030103_,校草收纳箱,2025年07月28日 22:01,#网易云称取消原唱标是系统展示问题# 网友今日发现网易云音乐平台突然取消张碧晨《年轮》《梦幻诛仙》《下一秒》三首歌的“原唱”标识，仅保留“演唱者”字段，话题 #网易云取消张碧晨三首歌原唱# 火速冲上热搜第一。  之后平台火速回应：“经核实是系统展示问题，目前已经恢复。”看来是系统错误，大家都散了吧 收起 d,1292,202,3116,1352.6
5192185603425201,https://weibo.com/6004281123/PCGasen3b?refer_flag=1001030103_,梨视频,2025年07月25日 06:42,【 #汪苏泷方决定收回年轮授权# 】7月25日，汪苏泷对接号 @SilenceRadio0917 发文：关于此次《年轮》歌曲因某博主不当话术引发的相关争议，我们本无意参与，并且第一时间积极沟通还原事情全貌，希望能减少负面舆论，但发现仍不断掉进风波中心。 作为创作者，我们尊重每一位合作方，也尊重音乐的生长规则，希望让关注回归音乐本身。在《年轮》发行十年之时，我们决定收回《年轮》授权，暂不授权该作品做任何演唱。 同时，关于因《年轮》产生的另一首歌曲《梦幻诛仙》的风波，我们第一时间在查询合约后，确认这首歌曲也是双原唱。 天眼查知识产权信息显示，“年轮”已被多方申请注册为商标，申请人包括多家医院、电子商务、新材料等公司及自然人，国际分类涉及燃料油脂、网站服务、教育娱乐等，当前商标状态多为已注册。 #汪苏泷就近期谣言告黑# #汪苏泷就近期网传不实不当言论告黑# 收起 d,1171,7875,218831,3533.5
5194980691804172,https://weibo.com/7404788769/PDQSF7zly?refer_flag=1001030103_,MonicAmcHarg,2025年08月01日 23:49,张碧晨作为业内人士，趁汪苏泷向某网红维权之际，用不充足不成立的证据，剥夺汪苏泷的原唱者身份，践踏汪苏泷作为表演者的尊严。试图用舆论盖过法律，将“首唱”混淆为“唯一原唱”，罔顾业内规则，错误引导并严重影响广大音乐爱好者的判断，开行业倒车。 ✦“原唱”并非排他性概念。汪苏泷同期发行的男声版同样属于【官方授权的首发录音制品】，完全符合《著作权法》第40条和《民法典》第1023条对“原唱”的定义。 ✦《年轮》也符合司法实践与行业惯例一直以来都认可的“双原唱”模式。 ✦汪苏泷从未“争抢”原唱身份，反而一直认可对方的原唱身份与贡献，作为深度参与的一方也一直明确《年轮》在立项时就是双版本并存，双方作为歌手 各为男女版原唱。 ✦故于法 于理，汪苏泷都是《年轮》毋庸置疑的原唱之一。 这场闹剧源于某网红对音乐版权的侵犯，发酵于有心之人利用大众不熟悉的“原唱”定义来混淆视听。舆论争议点一直都与创作者无关，而在于两位演唱者之间。 说汪苏泷“是原创就要占原唱”的说法纯属无稽之谈，因为就算他不是创作者，他也是被官方授权的《年轮》男声版的演唱者。换句话说，不管当时的男声版授权给任何人，《年轮》都会拥有两位原唱。 张碧晨粉丝明知道，业内“双原唱”的案例不胜枚举，但依然捂住眼睛发表双标言论。 张碧晨行为已经导致现在【“原唱”的行业共识在被行业外的人模糊，没被剥削的人在通过消解他人身份来突出自己的贡献。】 舆论发酵至今，汪苏泷身为演唱者，被无故剥夺原唱身份，甚至削弱其作为歌手对更多歌曲的贡献；身为创作者，被一再侵犯著作权，在收回本就属于自己的权利时，要被各种言语攻击与道德绑架。 连现在的汪苏泷都要被如此欺凌的话那籍籍无名的原唱者怎么办？底层音乐人的路将越来越难走，因为“不火”是可以无视法律的原罪，你的版本没被人听到，所以连你的原唱身份都可以被随意的抹杀。 这次事件之后，我更希望表演者们都能明晰法律规则。明确合同中倘若没出现“排他性权利”，那就接受与尊重官方授权的其他首发版本演唱者。不要利用“原唱”不是法律概念且社会观念差别大的特点免费获得一个“排他性权利”，不再让这种无耻的掠夺行为反复发生。 在歌曲已成为张碧晨代表作后，以流量为武器抹杀他人原唱身份，本质是对行业共识的背弃。法律的空子不少，不要把舆论支持玩成精致利己主义者的游戏，不要让原创歌手维权时再次陷入被法盲围剿和流量霸凌的噩梦。 · #年轮被指抄袭蝶恋# · #《年轮》双原唱于法有据# · #张碧晨利用舆论免费获取排他性权利# · #张碧晨混淆首唱与唯一原唱# · #专家称张碧晨唯一原唱证据不足# 收起 d,1167,451,5757,1302.3
5192425829308399,https://weibo.com/5943640485/PCMpUD3xt?refer_flag=1001030103_,何牧歌耶,2025年07月25日 22:37,看到 #张碧晨方称享有年轮永久演唱权利# 的热搜，我的感觉……这是非常迷惑的一句话。 先声明：不听张碧晨更不听汪苏泷，以下是纯粹就事论事的分析。 好开始。 首先，必须得提醒吃瓜的各位朋友：张碧晨公告里所谓「永久演唱权利」这几个字，是非常扯淡的。 为什么说扯淡呢？因为，在不加任何前缀的前提下，每个人都有对《年轮》的永久演唱权利，不管你是张三还是李四还是张碧晨。 此时此刻的你，现在就能唱《年轮》，甚至唱了发微博朋友圈都可以，没人管得了你。除非是你唱歌太难听或者声音太大被邻居投诉…… 这就好比你可以永久保留叫汪苏泷老公的权利一样……汪苏泷也管不了你啊，顶多被亲朋好友鄙视翻白眼。 所以，强调「永久演唱权利」是没有任何价值的。 一个代表歌手的官方工作室，出公告这么不严谨，让人摇头叹息。 至于真正核心的要素，其实是商用。比如演唱会、晚会、上电视、出碟等等。产生利益了，要分钱了，权利当然得弄清楚。 但是，在法律上，不存在所谓的“永久”。正常社会里也不可能有一条法律去规定「XX永久归XX所有」这种权利啊。咱们的房子都只有70年产权呢，何况一首歌…… 来看看法律到底怎么说的——《中华人民共和国著作权法》第三十八条明文规定，未经著作权人许可的前提下，表演他人作品，不能享有表演者权。 而《年轮》这首歌的著作权人是： 词著作权人：汪苏泷（大象音乐代理） 曲著作权人：汪苏泷（大象音乐代理） 而张碧晨作为演唱者，只拥有表演权利。 在法律里，著作权人的授权是高于表演权的。毕竟法律都叫《中华人民共和国著作权法》了，而不是“演唱者法”，对不对？ 所以，在著作权人不授权的情况下，表演者就无法表演。 有很多演唱会不出碟，原因之一就是著作权谈不拢，例如陈奕迅2013年演唱会，45首歌出碟的时候变成22首，就是因为大部分歌曲里某位的词作者版权谈不拢，导致无法出碟。 我觉得，此事最大的好处，就是给吃瓜群众普及了著作版权这回事，让大家知道，词曲作者的重要性，毕竟大部分时候听众只会关注唱歌的是谁，而忽略了真正写歌的是谁。 无数人都可以演唱《年轮》，因为演唱一首歌，属于表演，享有的是表演权； 只有汪苏泷，才在法律意义上真正地拥有这首歌，因为他是这首歌唯一的词曲创作者。 一首歌曲，唱歌的只是表演者，创作者才是这首歌的亲生父母。 这个道理想必不难理解吧？ 这次，也只不过是恰好写词曲的，正好是一位知名歌手，才引起这么大的波澜。 试想一下，如果创作者不是汪苏泷，一个普通写歌的幕后工作者，哪有这么大的力量和一个知名歌手去抗衡呢？ 另外，法律里也没有“原唱归属权”这个概念。既然如此，就更不存在两个原唱争归属权这么荒唐的事情了。 至于谁是原唱，一般是看音响制品推出的时间，或者说向音著协申报的时间来确定。因为有时候歌可能先面世，但这首歌已经早就做好了，只是因为宣传等安排排期不同。 两个版本的《年轮》第一次正式推出是在《花千骨》的音乐大碟里，按照正常办事的逻辑，当时《花千骨》的音乐大碟，版权方是海蝶音乐，它应该是同时向中国音乐著作权协会申报的，然后出碟。至于电视剧先用上了张的版本，也只是先面对公众而已，和在音著协登记注册的时间是两回事。 而且，我上面也提了，这事儿的核心是著作权，原唱这两个字就不存在于著作权相关的法律条文里，法律压根不关心谁是原唱，而是看创作者的版权在谁手里。花心思研究这个去打嘴炮，是真的没意义…… 总之一句话：著作权大于演唱权。 记得这个就可以了。 PS：所以周杰伦的确是华语乐坛最牛逼的创作人之一，出道20多年，99%的时间都是在唱自己的歌，作曲演唱是自己，公司是自己的，作词也基本都是自己人，毫无版权疑虑…… PS2:这两人本来关系挺好的，不都是因为旺仔小乔那个网红才导致的口水仗吗？怎么最后两个人闹成这样，那个破网红倒是美美隐身了呢，我觉得矛盾重点给搞错了。。。 收起 d,1164,796,20620,1402.8
5192687763849788,https://weibo.com/2318910945/PCTeog9vm?refer_flag=1001030103_,新浪热点,2025年07月26日 15:58,【 #张碧晨方说无需多言# 】7月26日， @张碧晨Studio 发文纪念张碧晨出道11周年，“不必回头，也无需多言。继续唱吧，唱给明天、唱给热爱、唱给心里最清澈的那部分自己。”疑似再回应《年轮》原唱风波。 ​ ​​​,1070,10653,310883,4265.9
5192562119279793,https://weibo.com/6301725233/PCPXJCW65?refer_flag=1001030103_,饭圈天真妹,2025年07月26日 07:39,年轮、下一秒、梦幻诛仙都是由汪苏泷作词作曲的 一首成功的歌曲离不了所有的创作者 #张碧晨有三首歌都是汪苏泷作词作曲# ​,1023,11998,174022,4622.4
5194770703977350,https://weibo.com/2826613084/PDLpYgGGO?refer_flag=1001030103_,娱乐潇洒青年,2025年08月01日 09:55,​ 韩红喊“小泷泷”拥抱好暖，汪苏泷说《年轮》唱出全新感觉， #汪苏泷回应和韩红合唱年轮# 两代歌手破壁合作太上头！从经典翻唱到双向认可，期待未来继续用音乐炸场，把合作焊死在舞台🎤 L 娱乐榜姐的微博视频 ​,1020,542,4045,1182.6
5192180966884693,https://weibo.com/6004281123/PCG2YsT1r?refer_flag=1001030103_,梨视频,2025年07月25日 06:24,【 #张碧晨方回应年轮原唱# 】7月25日凌晨， @张碧晨Studio 发文：“近日，网络上关于歌曲《年轮》的相关言论引发了不必要的争议与误解。为正视听，也为维护张碧晨女士作为该作品唯一原唱的合法权益我们郑重说明。” “一场源于某博主的舆论争议，意外将一首陪伴听众十年的好作品推向风口浪尖，我们倍感遗憾。感谢十年前与《年轮》的相遇，也感谢过去十年《年轮》带来的共鸣、泪水与力量，值此《年轮》发行十周年之际，好好和这首作品告个别。” #多方已注册年轮商标# #年轮商标已被申请注册# 收起 d,978,11211,266053,4341.299999999999
5193795048049561,https://weibo.com/7647806002/PDm2kxM3D?refer_flag=1001030103_,后浪视频,2025年07月29日 17:18,【 #QQ音乐回应张碧晨仍是年轮原唱# 】  近日，因旺仔小乔称《年轮》原唱不是汪苏泷引争议， @张碧晨 方称自己为唯一原唱， @汪苏泷 方收回《年轮》授权，29日，QQ音乐仍然显示张碧晨为《花千骨》电视剧插曲《年轮》原唱。对此，QQ音乐回应称，《年轮》原唱标签问题内部很重视已反馈，原唱标是需要注册音乐人后上传歌曲和相应资料才可以有。 @后浪视频 #QQ音乐张碧晨仍是年轮原唱# L 后浪视频的微博视频 收起 d,849,5312,59516,2442.6
5192314130530481,https://weibo.com/2318910945/PCJvL2e09?refer_flag=1001030103_,新浪热点,2025年07月25日 15:13,【 #花千骨制片人回应年轮争议# 】对于近期《年轮》原唱争议，有网友认为是《花千骨》剧方请汪苏泷写了《年轮》作为插曲，并邀请汪苏泷和张碧晨分别演唱了男女版本。 #张碧晨方称享有年轮永久演唱权利# 对此，，她称该剧的OST除了《是夜》《不可说》《疤痕》之外，都是与海蝶音乐合作的。剧方是从海蝶提供的众多歌曲里盲选的《年轮》，当时海蝶提供的是张碧晨演唱的版本。因为当时很多歌手和创作者都和海蝶音乐有签约，所以剧方对于海蝶音乐和汪苏泷、张碧晨之间的合作细节并不知情。（腾讯娱乐） 收起 d,602,8456,67134,3138.7999999999997
5201466824591477,https://weibo.com/2643204727/Q0C9Qjgs5?refer_flag=1001030103_,王老师周易,2025年08月19日 21:23,深度解析：为什么老虎能缓解抑郁？中医与藏传佛教的疗愈智慧 藏医有个传统，多与老虎对视，能缓解人的抑郁和焦虑。宗萨仁波切也曾开示过，若受抑郁症困扰， 不妨多观想老虎或凝视虎像。藏医经典《四部医典》中记载，虎眼凝视疗法属于“情志病外治法”，通过对视老虎 画像激发人体“隆气”（隆气指的是 藏医理论中主导精神活动的能量)的运行；而中医则从五行“寅木疏肝”的角度，将其与肝胆经气血循环关联。 藏医与中医二者虽体系不同，却殊途同归地指向“能量共振”的疗愈本质。 十二地支中，寅时对应凌晨3-5点，正是昼夜交替、阳气初升之时，与春季“木气生发”的动态属性高度吻合。老虎作为昼伏夜出的顶级猎手，其行动中蕴含的爆发力与“寅木”向阳而生的特质形成隐喻关联 中医象数理论认为，“虎”的形象符合“寅木*三象。形：斑纹如木之纹理，爪牙如如应木春木破土之势；动：扑击时的爆发力对应寅时阳气升发之速；神：王者气场契合木气“条达畅行”的特质，故虎像可作为“寅木能量”的视觉化药引。 当抑郁者凝视虎像时，老虎那昂然挺拔的姿态，正以“木气外显”的方式，像钥匙般打开郁滞的肝胆经。 而在自然场域中，走进苍翠山林、拥抱参天古木，同样是借“外木”养“内木”的疏肝之法。清晨在树林中漫步，让满目青绿滋养双目，或是静心抚摸树皮，感受生命的脉动，都能让郁结的肝气渐渐舒展。 除了观虎与亲近自然，生活中常见的宠物猫，同样蕴含着疗愈的智慧。在中医五行中、猫对应地支“寅”，同属木，与肝胆系统相通。 从生物学角度看，猫咪的呼噜声振动频率被研究证实可促进组织修复，而从五行理论出发，其活泼的生命力与“寅木”的生发特性同气相求。 当你抚摸猫咪时，这种物理共振与五行中“寅木”的生发能量形成叠加——就像给郁结的肝气装上了“振动疏解器”。许多铲屎官发现，看猫咪晒太阳玩耍时，自己紧锁的眉头会不自觉舒展，这正是“木气共振表”在情绪层面的直观体现。 睡眠的方位也暗藏玄机。中医理论中，东方对应五行之“木”，与肝胆系统相通，十二地支中寅卯时(3：00-7：00) 为木气最旺时段，头朝东方入睡，可借助自然界的生发之气调畅肝气。 从现代科学看，试想人体如同一台精密的“生物电磁仪”，头朝东方入睡时，就像将天线对准了自然界的“木气发射塔”——地球磁场的南北轴线与人体经络的生物电流形成45°和谐夹角，这种状态下肝胆经在丑时的疏泄效率，可比头朝西方时提升约3个穴位的能量传导，提升睡眠深度。 若卧室条件有限，可在床头放绿色植物、用青色床品，或睡前从胸口向两肋轻推做疏肝按摩，通过视觉、触觉刺激增强木气生发之力。 这些方法虽简单，却遵循着“同气相求”的智慧——即相似能量场会相互吸引，就像阳光吸引草木生长，老虎的“寅”木之气也能唤醒人体沉睡的肝气。 治愈从来不是药片的单向拯救，而是当你凝视虎像时与生命力量的对视，是猫咪呼噜声是木气的共振，是树干年轮中生长的勇气。东方智慧早已告诉我们：人与自然本就彼此疗愈，从未分离。 #玄学# #道医养生# #中医养生# 文章素材转自网络，版权归原作者，这里仅作公益性分享。如有侵权，敬请提醒。 收起 d,585,16,826,589.8
5193790148314804,https://weibo.com/5082700871/PDlUqyT3K?refer_flag=1001030103_,MIT_短腿涵,2025年07月29日 16:58,十年前的抄袭风波：张碧晨承担质疑，汪苏泷选择隐身 值得回顾的是，《年轮》于2015年爆红后，曾一度陷入抄袭风波，外界将矛头指向此曲涉嫌与其他作品旋律雷同，当时舆论对演唱者张碧晨展开强烈质疑与攻击。然而，《年轮》的词曲创作均非出自张碧晨之手，她仅为受邀录制之演唱者，却成为风波中唯一面对舆论压力的人。 与此同时，作曲人汪苏泷却并未出面说明或承担舆论关注，也未曾主张双原唱、共同承担风险。若今日他主张「双原唱」合理且长期存在，为何在当年未见其站出来共同应对？而演唱者一方面对非自身责任的质疑，却不得不独自承压，这样的角色错位与责任推移，实不应被忽视。 #乐坛杜鹃# 收起 d,571,838,19080,822.4
5192364392189679,https://weibo.com/6275217849/PCKOP9bDp?refer_flag=1001030103_,君君的旅行日记,2025年07月25日 18:33,我觉得张碧晨挺倒霉的吧，来看看正确的时间线。 2021年，一个叫旺仔小乔的网红说《年轮》这首歌只认张碧晨一个原唱。图1 这个言论最近被翻出来，本来是网红引得风波，粉丝打架，结果汪苏泷先下场了。 今天凌晨12点05分，边说：是原唱，收回《年轮》版权，不授权任何歌手再演唱了。图2 凌晨2点16分，张碧晨工作室发声明：张碧晨是唯一原唱，发行十周年之际，好好和这首作品告个别。图3.图4 一个网红的言论，非要下场，把事情闹大。明明张碧晨是被迫反击。粉丝还混淆时间线成：张碧晨嘴硬《年轮》是唯一原唱，汪苏泷因此收回版权，说你别唱了。 好无聊的一个事，但较真再来看看真实的情况。《年轮》是《花千骨》的电视剧OST，作者是汪苏泷，这首歌当年剧方是听到了张碧晨录制的版本，才决定启用，作为电视剧的ost. 图5 汪苏泷当时也录制了一个版本，塞进了《花千骨》的原声带专辑，但电视剧里，并没有启用过，纯粹就是塞进去原声带专辑的。图6 当今乐坛，创作型歌手的确比vocal歌手的话语权大，版权在汪苏泷手里，收回去无可厚非。但这么做，不太厚道吧？明明是粉丝之间的打架，这首歌对于张碧晨来说，也是歌手生涯很重要的一首歌，直接就收回去，让人观感真的不太好。 周杰伦给很多女歌手写过歌，也成为那些人歌手生涯最火的歌，没听说过把它们收回去的。林俊杰则是在很多年后，才把他给女歌手写的歌汇总到一起，推出翻唱专《她说》。 在这里不说粉丝之间的争执，比如“没有《年轮》这个作品，张碧晨红不起来”、“《年轮》是张碧晨唱红，便宜了汪苏泷”这种话。汪苏泷这个行为法律层面没有任何问题，但给人的观感的确不太好。 收起 d,521,1195,21061,879.5
5192992770229580,https://weibo.com/1842985452/PD1al0XIU?refer_flag=1001030103_,蚊子下鸡蛋,2025年07月27日 12:10,不占理的打不过就开始耍无赖 为什么上升到男女性别对立？ 为什么上升到纯vocal和创作歌手对立？ 这件事情和「性别」以及「歌手赛道」到底有什么关系？ 因为： 〖有且只有这一首歌有争议 有且只有你一个合作vocal有问题〗。 跟你是男的女的没关系 跟你纯唱歌手还是创作歌手没关系，这个世界是要讲道理的 不应该让扮演弱势成为拉联盟蒙混的手段。 法盲先说所谓《著作权法》对原唱的定义、再创造新词汇“全球永久演唱权”，被法界科普原唱不是法律概念、全球永久演唱权更是扯淡。 至此， 对于原唱是谁这个问题讨论，【张方输出所有论据都站不住脚】。然后开始顾左右而言他。 明明张方说【合同没有提到多版本】，在其粉丝口中现在演变成了我们有合同你们有什么？请问你们合同写了唯一原唱吗？这难道不是你们的无理推论吗？ 明明张之于年轮这首歌仅为【ost献唱】，扯其他创作歌手给别人专辑定制曲做什么类比？更何况现在是原唱争论  其他人是一种情况吗？ 明明汪苏泷为他人创作了五十多首歌，和所有合作方都友好存续 无任何原唱争议， 就这一首歌被颠倒黑白被侵占，反手给泷扣一口黑锅，还不清楚吗 就你一个合作方有问题。 上升左一个右一个高度 拉左一个右一个同盟 真是好手段 给汪苏泷及汪苏泷粉丝乱扣左一个右一个脏锅 泷丝自始至终没说脏字，而对方换头像r骂、发w信z咒…无所不用其极 我想你们真没搞清楚 到底什么时候才能明白  让所有人匪夷所思的是你们带着无效证据叫嚣的「唯一原唱」，是你不体面的开端，也是你惹众怒的结局。 至于互联网广大网友对你引申其他讨伐 那是你以前作的孽 现在来收了。 汪苏泷粉丝自始至终讨论的只有【年轮原唱】这一个问题，坚守的只有【汪苏泷是年轮原唱之一】这一个原则。 收起 d,476,127,2665,514.1
5193048411868924,https://weibo.com/1501563482/PD2C57QbW?refer_flag=1001030103_,明星娱乐新闻,2025年07月27日 15:51,#张碧晨年轮海外版权受限# 张碧晨版《年轮》在某音乐软件的海外区域的版权受限，变灰了，有网友解释是有bug，到底怎么回事啊 ​,457,3416,49105,1481.8
5192213254637086,https://weibo.com/1656737654/PCGT3jsjI?refer_flag=1001030103_,现代快报,2025年07月25日 08:32,【 #张碧晨方列出年轮关键事件时间线# 】7月25日， @张碧晨Studio 发声明回应，称张碧晨是《年轮》的唯一原唱，并晒出《年轮》关键事件时间线；而《梦幻诛仙》，歌曲从立项之初即为双版本设置；工作室表示尊重合作，也希望尊重演唱者权益，与《年轮》告别，希望争议就此画上句号。此前，汪苏泷工作室对接账号发文，指出因某博主不当言论导致争议升级，决定“收回《年轮》授权，暂不授权任何演唱”。 #张碧晨方回应年轮原唱# ​​​ L 现代快报的微博视频 收起 d,454,5585,79516,2129.5
5221411208562263,https://weibo.com/7795389327/Q8Z0czVr1?refer_flag=1001030103_,跟着憧憬走下去,2025-10-15 18:05 转赞人数超过2000,没有“共赢”只有“他赢” 年轮事件，不为对线，不为解释，不为诋毁任何人 只为两点： 1、让真正愿意了解真相的人了解清楚 2、因果循环 报应不爽，假以时日，这就是被遗落的“证据” 从几点说明：一、年轮事件本身 二、当事人女方态度 三、当事人男方态度 四、双方粉丝态度 一、年轮事件本身 1、“原唱”定义：没有法律条文规定“原唱”具体定义，但更没有法律条文明确指出“双原唱”的定义 释义：“原唱”重在“原”字，原的中文含义是“最初的、开始的”图1 “双原唱”首先“双”字已经和“原”字矛盾冲突，一般都不会说“双原唱”这种说法，除合唱版，还有双方以及版权购买方和剧方共知的情况下才成立，但这种剧里没插一句的双原唱说法是在乐坛第一次大范围流传。 综上，按照发行时间，女方完全立得住。图2 2，整个事件完整时间线： 图3 图4 值得注意的是❗️1、女方声明年轮为唯一原唱，梦幻诛仙确实为两个版本，女方事前直播也亲口说过 图5，做到了前后一致。 2、女方说出于自重放弃演唱权，不止放弃了收回版权的年轮，男方所作的，并没有收回版权的，还可以继续唱的 梦幻诛仙与下一秒这三首歌，均放弃，又一次前后一致，“出于自重”并非“不能唱”前后逻辑清晰。 但被对方在全网扭曲真实事件线，编造爽文事件线博取眼球，这就是作为公众人物对自己粉丝和网友的引导“敢做不敢当”“瞒天过海”。 至此，年轮事件本身的所有客观事实已明了。 二、女方在年轮事件 前 当时 后三个时期的态度： 1、在此之前，女方在演唱年轮这首歌的音综上，音乐节上，演唱会上，多次诚恳感谢男方创作。图6 2、事件发酵当时，女方只是首先体面告别，其次列举证据，最后主动放弃演唱权。（这里我个人主观将本人态度同步与工作室态度） 3、事后第一次公开演出在舞台上大方诚恳感谢了所有支持自己的粉丝和路人朋友 图7，半个字没内涵，坦坦荡荡。 三、男方在年轮事件前、当时、后，三个时期的态度 1、公开爹味发言：图8。首先除不掉演唱者，他是用这首歌盈利的，他不是赠送。所以不要道德绑架！后半句更是放在整个乐坛都炸裂的发言，竟有歌手本人公开拉踩，但可笑的是，十一年了，女方送你泼天的年轮热度也还是在年轮歌曲本身热度方面成倍地碾压创作者（三首歌都是，这就不是运气问题了，是实力问题）。图9 2、言行不一，说要收回版权，下架了网红版，却不下架女版年轮 正论证：你不下架是因为你没权利下架，因为你当初卖的太彻底。 反论证：你有权下架却不下架，靠女方爆火版本给自己引流变现。 正反论证，粉丝总要承认一个，第一男方在说谎，第二男方跟人家撕破脸也还要再吃人家的饭。 3、演唱会本人下场内涵，像极了最开始偷下女版“原唱”标识的嘴脸。图10 双方态度对比，高下立见。 四、双方粉丝的态度 1、男方 1️⃣粉丝在事前手拉手去女方本人plq疯狂控瓶，直接贴脸本人 2️⃣从开始到现在给女方造无数谣言 列举：女方唱十年年轮没付版权费。实际只是女方演唱会嘉宾一首歌而已，十年没付版权费，女方早被告了。 网红版权是女方授予，这时候又说女方有授权了！她连授权都有，她能没演唱权？又前后不一，正反再次论证粉丝嘴脸 3️⃣给女方造无数个黄 色谣言，同样身为女性，无底线给女性扣上莫须有的罪名，阴暗群体的存在是网络环境的悲哀 2、女方 1️⃣事前：解释 2️⃣当时：解释 3️⃣事后：解释 女方一直引导粉丝正能量，包括但不限于to签引导图11，直播引导 图12 图13这一张图其实并不想放，不想拉任何无关人员，但这里是想说明，男方这些操作不是一次两次了，图上的唐恬老师放在哪了？没有法律条文但把行规放在哪里？事出之后别有用心的人只看到了她说的“唯一原唱”却忽略了她最先声明的“体面告别”，就是这么一个倔强，拿的起放得下的女歌手，被🐎了三个月，并且没有停下的趋势。女歌手对他的贡献有多大数据会说话图14 图15，却踢了这个还想踢那个。 大家忽略了最大的一点，既是双原唱，为何十一年前发表之际不公开说明？ 如果年轮是一首一万收藏的歌，我相信女方照样会体面告别但强调唯一演唱，但男方还会来争这“双原唱”吗？ 不要再说女方抢了，她要的并不是“版权”而是一个“原唱”的名头。这无关任何利益，只是一个歌手对作品贡献的体现，不要再偷换概念。 更不要再说男方体面，女方原唱，男方原创，双方共赢是事出之前的事实，但男方得寸进尺再要双原唱身份在先，捏造爽文事件线给自己立体面人设是略经查证事件线就完全可判定为假。 依稀记得年轮发行之际一度陷于抄袭争议图16 。这时候创作者缩头不见人 图17，只留一个原唱对抗，十一年后却突然跳出来讲所谓的“共赢” 十一年没有看到“共赢”只看到了“他赢” 她从来潇洒，正是她那份不为自己辩解的倔强才让她成为她，我们和她都放下了，只是不要再给女性造一些逻辑不通 一眼假的谣言，可以不了解 可以不喜欢，但请好好做人。 张碧晨除了这首歌，多的是好数据作品图18，到现在女方都在为这首歌贡献热度，没关系，她请你了！ 收起 d,431,369,2345,541.7
5202218919923524,https://weibo.com/6049801385/Q0VITFDyQ?refer_flag=1001030103_,洛洛洛洛铭洛洛_,2025年08月21日 23:11, 张碧晨超话 #张碧晨# #年轮# #张碧晨获亚洲最佳女歌手# #张碧晨爱的史诗交响演唱会# #张碧晨真跳加绒摇了# #张碧晨开往早晨的午夜# 鬼知道我每次发完视频后收到一堆一模一样的黄谣话术有多无语，真的太恶心了。年轮风波过后，我们理性地重新吃一下张碧晨的这些黄谣瓜。 碧水深潭到底真的假的，张碧晨真的抢了吴莫愁资源吗，年轮事件真的像大众传的那样吗，汪苏泷和张碧晨究竟是谁被刺谁。 借用《藏海传》里的一句话：“风会过去，但事不会，流言会留在人们心里，传着传着人们就会忘记在哪儿听到的这些消息，到最后都信以为真了。” 请理性吃瓜，停止给女明星造黄谣，给孩子一个健康干净的环境茁壮成长。 视频时长27分钟，大家倍速观看。 L 洛洛洛洛铭洛洛_的微博视频 收起 d,406,333,1647,505.9
5195214452952262,https://weibo.com/2052383553/PDWXHco18?refer_flag=1001030103_,王纯迅有想法,2025年08月02日 15:18,#年轮被指抄袭蝶恋# 咱不说整首歌的差异有多大，也不说离法律规定的抄袭差的十万八千里，就说主歌那两句相似旋律也还存在好几处不同的旋律走向，我就说一点，如果就这被定义为抄袭，那你是不是打算把整个华语流行乐坛的主流作曲人都给他无差别打上抄袭标签，因为这个标准如果成立的话，那基本算是谁也逃不掉谁也别想好。 其实我前面跟进了这事两次后，后面就觉得这事变得没啥讨论意义，因为后面铺天盖地的都是互相泼脏水的行为，已经脱离这件事原本的样子了。什么传旺仔小乔的授权是从张碧晨那拿的（这么扯还传的那么广那么振振有词），什么张碧晨曾经干过的事一件一件拿出来翻，给汪苏泷起个外号，再无视他无数大火的歌找几个冷门歌的例子再用些春秋春秋笔法佐证这个外号。都是这种做事逻辑的话，那真的最后谁都体面不了，赢家只有我们这样的吃瓜娱乐媒体和乐评人。 收起 d,393,275,7048,475.5
5194437107385334,https://weibo.com/6857565725/PDCJUuZgi?refer_flag=1001030103_,獭是腮泷斯,2025年07月31日 11:49,#救救汪苏泷粉丝# 给大家看看正确时间线 ​,390,276,3335,472.8
5193479271744937,https://weibo.com/5082700871/PDdP17jW9?refer_flag=1001030103_,MIT_短腿涵,2025年07月28日 20:23,《年轮》舆论战：不是原唱之争，而是控制与抹除 围绕《年轮》的原唱争议持续延烧，与其说是音乐合作的分歧，更像是一场精准设计的舆论与授权操控行动。事件演变至今，部分舆论方几乎以「日更造谣」的节奏不断制造讯息混乱，同时打压原唱方的澄清空间，导致公众难以看清事实全貌。 以下针对关键争点做出综合说明与澄清： 一、时间线被刻意颠倒 坊间流传「张碧晨坚持唯一原唱→汪苏泷因此收回授权」的叙事，完全错误。 事实是：汪苏泷方面在张碧晨发表任何回应之前，就已主动宣布全面收回《年轮》的演唱授权，因果关系被错置，属典型时间线操控，误导舆论判断。 二、「免费唱十年」为错误剪辑与叙事操控的产物 近期广泛流传的「张碧晨唱了《年轮》十年未付费」说法，实际源于一段遭剪辑与断章取义的公开发言，与《年轮》本身毫无关联。 事件背景为：2024年，张碧晨举办个人演唱会，邀请薛凯琪担任嘉宾。薛凯琪在现场唱了由汪苏泷创作的歌曲《月》，张碧晨在舞台上公开致谢汪苏泷没收授权费，该发言明确指涉《月》一曲，且仅针对当次嘉宾演出，并未涉及《年轮》。 然而，该片段遭片面剪辑后，被错误转化为「张碧晨十年来演唱《年轮》未付费」，进而与「白唱十年」、「侵权演出」等言论挂钩，实为刻意操作话术与舆论错位。 事实上，《年轮》于2015年作为《花千骨》插曲，由海蝶音乐正式授权制作与发行，张碧晨版本为首发演唱，所有平台上架、商业演出均在合法授权机制内进行。 将一段出自他人作品、嘉宾演唱场景的善意演出言论，错置到与其无关的正式合作作品上，不仅逻辑错乱，更反映出部分舆论方试图以剪辑与话术操控舆论走向、对张碧晨进行形象损害与道德绑架的倾向。 三、「私下授权网红」为严重捏造 针对张碧晨「私自授权旺仔小乔」的指控，目前无任何合约、平台记录或当事人言论可佐证。 旺仔小乔本人也未表示其翻唱经由张方授权，汪方也未提出证据。 此类无凭据的指控却被反覆放大传播，已构成对张碧晨严重的公众误导与名誉损害。 四、主动澄清遭打压，言论封锁令人担忧 当粉丝试图透过时间线澄清贴、抽奖文等方式还原事实时，却遭到集中禁言。 对方一方面大量散播片面资讯，另一方面压制原唱方的澄清与回应，舆论场呈现严重不对等现象。 这种操作已超出公共讨论范围，更接近于舆论垄断与资讯封锁。 五、舆论延伸与间接压力，影响未来演唱空间 事件发展中，除了《年轮》本身的授权被取消，相关舆论也将矛头指向由汪苏泷创作的《下一秒》《梦幻诛仙》。 尽管并未正式公告撤回授权，但在持续营造的道德与舆论压力下，张碧晨未来再演唱这些歌曲的空间已实质受限。 这种「不明言禁止、实则打压」的做法，使授权控制延伸至其他作品，形成实质上的封锁效应。 现在看来，这不是原唱之争，是控制与抹除 本事件的核心，从来不是「谁是原唱」，而是： ✅️谁能主导平台更改标注与控制下架； ✅️谁能收回授权，并借舆论进一步限制他人使用权； ✅️谁在掌控舆论节奏的同时，封锁异见声音； ✅️谁在缺乏法律与合约依据下，试图重塑历史叙事。 张碧晨自始至终从未否认创作者贡献，多年来持续公开致谢，其演唱也始终依法授权、按规执行。 而她今天所承受的指责与限制，恰恰显示出某方如何藉由资源与话语权，对其进行的打压与历史重写。 这不是谁抢原唱的问题，而是谁试图抹除对方存在、重构权力结构的问题。 唱过汪苏泷作品的艺人，是时候审视自己的风险了。 #网易云取消张碧晨三首歌原唱# 收起 d,384,750,6073,609.0
5192673235307954,https://weibo.com/1642591402/PCSQXmgQa?refer_flag=1001030103_,新浪娱乐,2025年07月26日 15:00,#张碧晨汪苏泷年轮合约存在信息差# #律师说原唱不是法律概念是宣传用词# 新浪娱乐 @娱理 工作室解读 @张碧晨 @汪苏泷 《年轮》原唱争议，分别咨询了三位权威版权律师，得出以下结论： 1、“原唱”不是一个明确的法律定义，更多是宣传中的概念，类似“番位”； 2、从行业惯例来说，通常认为首次公开演唱者是原唱； 3、《著作权法》对歌手的保护重点不在于谁是原唱，而是平等保护每位歌手所享有的表演者权； 4、张碧晨可能更多是出于情感或舆论方面的考虑，今后不再演唱《年轮》； 5、张碧晨已经录制过的版本依旧可以继续流传，只是演唱会现场成为绝唱。 收起 d,363,4863,41323,1821.8999999999999
5192407907831105,https://weibo.com/1428471193/PCLX0wRe9?refer_flag=1001030103_,AUTO老徐,2025年07月25日 21:26,#张碧晨方称享有年轮永久演唱权利# 汪苏泷：饭做好咯，你盛饭吧。 张碧晨：好的。 旺仔小乔：饭是张碧晨做的。 汪苏泷：饭是我做的，是张碧晨盛的，我们俩都参与了做饭。 张碧晨：饭是我一个人做的。 汪苏泷：那你别吃了。 ​,313,2159,40101,960.6999999999999
5192648514341443,https://weibo.com/7795448021/PCSd5idph?refer_flag=1001030103_,腮ilence,2025年07月26日 13:22,有一些看似利好的路人发言也不要随意附和，甚至可以友好的反驳，不让人留话柄，举例: ❌不要轻易挑战wsl的路人缘 ✔️路人缘好是事实，但这次路人站队很多是因为他在这件事上绝对占理，是受害者，不能说是因为路人缘好所以无条件站他 ❌我听了他歌十年了只听过他的版本以为他才是原唱 ✔️他确实是原唱，但一直都是宣传双原唱，没有唯一原唱之说，wsl团队给足了对方尊重 ❌他授权这歌甚至都没给版权费 ✔️没给版权费的是另外一首歌，不是年轮 ❌谁还不知道她是ss吗 ✔️泷丝统一立场她是什么人与我们无关，关注维护创作者权利 收起 d,287,138,2294,328.4
5194434766438933,https://weibo.com/2782750735/PDCG8r13L?refer_flag=1001030103_,奶味小怡,2025年07月31日 11:40,#张碧晨方回应年轮原唱# 微博正文 这篇的视频版本 “只为真相” L 奶味小怡的微博视频 ​,282,281,1705,366.3
5192201542041696,https://weibo.com/5515990153/PCGAa8z8A?refer_flag=1001030103_,疾风怪宝,2025年07月25日 07:46,时间线是这样的，网红“旺仔小乔”说《年轮》唯一原唱是张碧晨 → 引发粉丝之间的舆论争议 → 汪苏泷方发声明表示《年轮》歌曲是双原唱 → 双方工作室私下沟通 → 张碧晨方发声明表示张碧晨是《年轮》唯一原唱 ，汪苏泷方发声明，收回《年轮》演唱授权，张碧晨无法再演唱歌曲。 张碧晨工作室有种试探原创底线的感觉。只能说，汪苏泷和汪苏泷粉丝还是太体面了。再怎么“唯一原唱”以后也没办法演唱这首歌了。 这件事其实也能警醒很多业内的非原创歌手，警惕“音乐拿来主义”。 #张碧晨方称享有年轮永久演唱权利# #中长视频流量扶持计划# #汪苏泷方决定收回年轮授权# L 疾风怪宝的微博视频 收起 d,280,973,6470,571.9
5194133863929001,https://weibo.com/5381230201/PDuQOgu6Z?refer_flag=1001030103_,Diamond_呆晨,2025年07月30日 15:44,2017年《凉凉》爆火，各种不同版本的翻唱都能登上热搜，不论是评论区还是每次活动现场，大家都在喊她唱《凉凉》，但她一次都没唱过，因为她认为，在未曾与杨宗纬老师公开合唱之前，她不应该独自演绎这首歌 2023年天赐的声音，和王赫野合唱的《字字句句》爆火，当时好多人求她独唱版本，但至今也没有单独出一版 2025年哪吒爆火，《梦幻诛仙》因藕饼CP翻红，6月因“当年的事彼此各有难处，我不怪你了”再次翻红，而她也未曾马上就在各个音乐节，晚会现场演唱，就连演唱会也都是开了两场后，大家呼声实在太高，才在6月底香港站和7月成都站唱了两次 有人说她是OST女王，唱过的剧唱过的歌都会很火，她却说是因为遇到了很好的IP，剧本身的制作就很好，贴歌又多，观众的代入感会很强，所以歌才会火 还有最近爆火的加绒摇，bgm是她的《开往早晨的午夜》，持续登上短视频挑战榜，所有人都在喊她出来跳，用自己没降调的版本打打歌，她最后只在热度过后，以一句“舞蹈太难了，她没时间学”不了了之 她不是一个喜欢蹭热度的人，是愿意在哪吒1经费不足的时候，免费为电影唱片尾曲，并作为唯一一个艺人站台宣传；是在哪吒2爆火后，和饺子导演说，哪吒3不一定非得找她唱，相信饺子导演的选择都是对的；是在和六公主连线，被主持人问到“怀疑饺子导演是你的歌迷”时，没有模棱两可含糊其辞，而且立马辟谣说当时和饺子导演并不认识，是写这首歌的老师推荐的她 在各个公开场合，颁奖晚会的现场，她总是会感谢一些幕后为她写歌，制作的老师，因为她知道，好多背后为她默默付出的人，并没有太多机会被大家看到 即使这样，只因某人在节目里一句“除了张碧晨都是我的”，成为热梗，在很多张碧晨版本的的《年轮》评论区随处可见，可大家不知道的是，后面还有一句“是不是觉得张碧晨唱的也没那么好听了”；在短视频平台讲张碧晨与哪吒的缘分的评论区，被某家粉丝到处贴脸，宣传哥哥的作词作曲，哥哥是原唱；在各大博主翻唱张碧晨版本《梦幻诛仙》的视频弹幕/评论区，甚至私信作者，要求加上另一位的原唱标识；在演唱会现场特意为藕饼CP改词，在微博之夜喊话哪吒“你们来找我唱歌呀” 她一直是一个不争不抢不爱出风头的人，她曾说过，不喜欢太冒尖，但也不喜欢落后于人，山下的人太吵，山顶的风喧嚣，处在半山腰刚刚好，温柔且坚定是她现在的状态，一切都刚刚好，我相信这个世界也会善待温柔善良的你 收起 d,275,244,3610,348.2
5195970031649467,https://weibo.com/5082700871/PEgCn6V6j?refer_flag=1001030103_,MIT_短腿涵,2025-08-05 21:58 转赞人数超过1600,当话语权失衡，合法演唱也成罪：张碧晨的十年怎么被抹去的？ 在资讯透明化的时代，众声喧哗理理应成就真相。然而，《年轮》事件所揭示的，却是另一种令人不安的现实：只要掌握平台、话语权与叙事节奏，毁掉一个人，竟是如此轻而易举。 这首由汪苏泷创作、张碧晨演唱，因电视剧《花千骨》而爆红的歌曲《年轮》，在过去十年间早已深植人心。张碧晨以真挚的嗓音，为这首剧情推进曲赋予灵魂。观众记得的，是剧中悲情，也是在舞台上一次次唱出情感张力的她。然而，在2025年，一连串舆论操作与叙事错置，却让这段十年的演唱历程被硬生生抹除，甚至遭反过来指责与羞辱。 【时间线错置，真相颠倒】 事件导火线来自汪苏泷单方面宣布「收回《年轮》授权」。但实际上，早在他公开声明之前，音乐平台早已悄然异动——原唱标记更改、「双原唱」概念突然冒出，成为主流叙事。 紧接而来的，是大量毫无实据的舆论攻击：张碧晨「抢夺原唱」、「唱十年不付钱」、「私下授权他人翻唱」等指控接踵而至，甚至被塑造成「不知感恩、固执自大的闹剧女主角」。荒谬的是，这些说法没有任何资料佐证，却因掌握节奏者的话术与流量，迅速主导了社会观感。 而事实上，汪方早已在张碧晨发声前便收回授权，平台也早在双方公开发言前完成异动。时间线的错置却未受到检验，反而被刻意利用，塑造一种「张方挑衅在先」的印象，为舆论全面倒向创作者提供了完美掩护。 【造谣节奏快，澄清空间窄】 在网路舆论场，真相常常来不及说出口，就已被剪辑与误导淹没。例如一段张碧晨于2024年演唱会中感谢汪苏泷「没收嘉宾薛凯琪演唱《月》授权费」的话语，被刻意错置到《年轮》，转化成「免费唱十年」的谣言来源。 真正试图还原事实的贴文与讨论，则被平台限流、删除、封锁，甚至帐号禁言。张碧晨方始终未采取强硬手段反击，反倒更显被动，让造谣者得以继续主导节奏、压制不同声音。 这场风波中，「双原唱早就设定好」的说法被当作常识灌输大众，但翻遍2015至2025年的任何公开资料，皆找不到相关表述。这种「后设历史」式的包装，不是事实，而是话语权者编写的新叙事。 【十年前的沉默，再度被利用】 事实上，这不是张碧晨第一次在《年轮》事件中承受不属于她的舆论压力。早在2015年，《年轮》因爆红而引发旋律雷同的抄袭质疑时，尽管她并非词曲创作者，却是唯一站在风口浪尖、接受批评的人。汪苏泷当时并未出面说明，也未承担创作者该有的澄清责任。 十年后，「双原唱」说横空出世，旧日争议又被重新提起，责任却依然再次落在张碧晨身上。十年前张碧晨因身为「唯一原唱」被指责，十年后也因主张「唯一原唱」被攻击，可不可笑？ 更讽刺的是，这种手法并非首次。汪苏泷过去也曾在他人演唱、歌曲爆红后，选择收回歌曲改由自己演唱。在名利面前，创作权本应受到尊重，但若变成反覆使用的操控工具，是否已超出合理范畴？ 【谁在抹杀演唱者的贡献？】 值得深思的是，在这场舆论战中，演唱者的角色与价值被彻底边缘化。某些言论甚至声称「谁唱都会红」、「歌会红是因为剧和创作，不关演唱者」。这种说法无疑是对音乐作品多元贡献者的集体否定，更是对张碧晨十年辛劳的否认。 对比之下，张碧晨多年来演唱过《凉凉》、《光的方向》、《笼》等众多热门OST，却从未把成功归功于自己，反而时常公开感谢剧方、制片人与创作者，始终保持敬意与谦逊。如今，这样一位始终尊重他人的演唱者，却被无情地打成「揽功」的反派，真正的高下立判，正在这里。 【真相，真的会自己说话吗？ 】 张碧晨出道以来低调自持，坚信「真相不需强辩，时间会给出答案」。但这场事件证明，当话语权集中在一方、当平台与舆论倾斜、当澄清者连发声的机会都被剥夺时，真相可能不是自动浮现，而是被层层掩埋。 在这个资讯过载的时代，原来，毁掉一个人，只需要一点剪辑、一场节奏、一个话术。 真相若无人守护，便不再有力量。 #张碧晨告别年轮# 收起 d,266,371,2315,377.3
5194248072732143,https://weibo.com/1805837931/PDxP1bsKP?refer_flag=1001030103_,里里,2025年07月30日 23:18,吵了这么久，有谁能告诉我《年轮》的版权到底是谁的嘛？ ​,260,434,3006,390.2
5192216146350121,https://weibo.com/6134393125/PCGXIqDXj?refer_flag=1001030103_,Music_Data,2025年07月25日 08:44,旺仔小乔让歌手圈大地震了，汪苏泷方决定收回年轮授权，暂时不授权该作品任何翻唱。张碧晨方回应年轮原唱，并列出年轮关键事件时间线，坚持称自己是年轮唯一原唱。然后大象音乐老板李思睿也回应年轮原唱问题，称家里还有邮件记录，的确是男女版本是同时存在的，并表示事已至此，年轮回家。 #汪苏泷方决定收回年轮授权# 收起 d,238,2043,28445,850.9
5204767795059338,https://weibo.com/7328661214/Q201Zleae?refer_flag=1001030103_,COUM_童禹坤童话镇,2025年08月29日 00:00, 童禹坤超话 🎉 #童禹坤 七载破尘樊 今朝振羽翔# 七载长路 泠泠澈澈穿透时光之幕 晚风抚过 发歌纳 高音似云间曦光穿刺层雾低吟 七载流转 翼起然声线清泉渐汇成海 可映照万象星辰 黎明拆开羽翼 音阶掠过少年的试音 音褶磨一声 月光浮水面 新城曙色初染 水墨铺染长卷 今赴新程 童韵轻音彻云丞 七念星转凌霄跃 禹声振翼鸳天籁 谱上曻橙一曲镜 此去声途浩荡 年轮之音照亮支流 渊深之韵破晓之音 音符落地 前程似锦 图片授权感谢： @初戀丨童禹坤 @July_童禹坤 文案：养猫 公开七周年快乐 @TF_ING童禹坤KUN 收起 d,234,303,614,324.9
5191860125701548,https://weibo.com/5515990153/PCxHunVes?refer_flag=1001030103_,疾风怪宝,2025年07月24日 09:09,年轮原唱争议撕开OST翻唱遮羞布，汪苏泷创作十年竟被抹名，网红“旺仔小乔”一句“张碧晨是唯一原唱”引爆舆论。法律明牌：词曲版权永远姓“汪”，双版本本可共赢，流量却让创作者隐入尘烟。 近年来非原创歌手翻唱大火歌曲受争议并不少见，诸如黄霄云、周深等一众歌手就因演唱会翻唱歌曲太多备受争议。翻唱标原创、创作人名字写错、直播点歌明码标价……当翻唱篡改历史、盗用流量，当“传播即占有”成潜规则，原创者血养肥了拿来主义的饕餮。 听众应该记住，爱翻唱更该敬源头，没有汪苏泷，哪来的《年轮》？ #张碧晨方回应年轮原唱# #汪苏泷方决定收回年轮授权# 收起 d,218,42,510,230.6
5200689191717507,https://weibo.com/7503274540/Q0hVB7cNJ?refer_flag=1001030103_,Gezelligheid_源轩超管组,2025年08月17日 17:53, 源轩超话 🧡 #源轩应援色二代唯一all橙# 🍻【上海演唱会应援𝓹𝓪𝓻𝓽 . 𝟖】 ———包店——— 树记得每一场风 见过朝暮晨昏 感知过生命蓬勃跃动 悉数云云众生 将爱刻进年轮 我是一棵树 我深根在这方天地 给你带来橙色的春。 🔸【店家资讯1】 店名：当日公告 地址：上海市 🔸【店家资讯2】 店名：当日公告 地址：上海市 文案：喜烊烊 菜单构想：大翰 感谢授权 ：Dionysus-轩源 【📙上海演唱会资讯汇总✏️】 微博正文 【🌇上海演唱会系列应援📌】 𝓹𝓪𝓻𝓽 .𝟏 应援头像及版头 微博正文 𝓹𝓪𝓻𝓽 . 𝟐源轩专属充电宝—长灯牌公布 微博正文 𝓹𝓪𝓻𝓽 . 𝟑 应援礼包 微博正文 𝓹𝓪𝓻𝓽 . 𝟒 大巴车应援 微博正文 𝓹𝓪𝓻𝓽 . 𝟓  19城商场大屏应援联动 微博正文 𝓹𝓪𝓻𝓽 . 𝟔 冰淇淋餐车应援 微博正文 𝓹𝓪𝓻𝓽 . 𝟕 应援花墙 微博正文 收起 d,216,193,639,273.9
5192232709657176,https://weibo.com/5660519061/PCHoqEwgU?refer_flag=1001030103_,互联网猫猫头,2025年07月25日 09:50,#李思睿 年轮回家# 可以说没有汪苏泷就没有《年轮》这首歌，双原唱对张碧晨也没啥影响，为啥这么坚持唯一原唱呢，就像白浅所说“我的眼睛放在你那儿放了三百年，怎么就变成了你的东西”，旺仔小乔还是太有实力了点，一句话直接让两位歌手难办，张碧晨告别年轮了 ​,213,3274,74537,1195.1999999999998
5205795889485349,https://weibo.com/6552585714/Q2qMcDNzv?refer_flag=1001030103_,吳青峰新人站,2025年08月31日 20:05, 吴青峰超话 🎤 #2025阿那亚虾米音乐节# -20250831 @吳青峰 阿那亚·虾米音乐节 📌歌单 1.〈沙滩上的佛洛一德〉 2.〈迷幻〉 3.〈太空船〉 4.〈太空人〉 TALKING 5.〈野兽派〉原唱：9m88 6.〈Sometimes〉原唱：范晓萱 7.〈另个时空的你〉 ·点歌· 8.〈年轮说〉 9.〈蜂鸟〉 TALKING 10.〈Silent Angel〉 11.〈哥伦布的蛋〉 💬Talking完整文字整理见图2 收起 d,200,55,589,216.5
5192304609987365,https://weibo.com/7825912715/PCJgoFUax?refer_flag=1001030103_,小野的瓜田,2025年07月25日 14:35,汪苏泷在之前的一档节目中就提到：《年轮》这首歌，词曲是我，原唱是我，除了张碧晨，这首歌都是我的。 其实汪苏泷也想让对方体面一点，奈何对方不给面子，行吧，那就别玩了。 #汪苏泷的版权意识有多强# ​,192,1967,38974,782.1
5192388643657003,https://weibo.com/6694120511/PCLrWfllV?refer_flag=1001030103_,顾小西X,2025年07月25日 20:09,#张碧晨方称享有年轮永久演唱权利# 汪苏泷：不要被带节奏了，我俩都是原唱。 张碧晨工作室：张碧晨是唯一原唱。 汪苏泷：那你别唱了，我收回版权了。 张碧晨:我有永久演唱权利，但我以后不唱了。 #汪苏泷深圳不怕影子斜# ​,182,1607,25839,664.0999999999999
5192222030957650,https://weibo.com/5856917412/PCH7d417Y?refer_flag=1001030103_,一只小团子嘻,2025年07月25日 09:07,#汪苏泷方决定收回年轮授权# 汪：不要被博主误导，我写的歌但我们是双原唱 张碧晨方回应年轮原唱：我是唯一原唱  汪：好，那你以后别想唱了。本来两家是朋友现在被旺仔小乔搞成这样！大象音乐老板回应年轮原唱：年轮回家！！ ​,171,2550,42425,936.0
5192262918340717,https://weibo.com/6592462760/PCIb9yZNH?refer_flag=1001030103_,404企划,2025年07月25日 11:50,#张碧晨告别年轮# 呃……这哥们儿不止一次干这事儿了吧，歌被原唱唱🔥了他就自己唱一版，甚至给人家原唱干下架，然后自己就是原唱，当然这是种创作者的权利，但这种坑原唱的创作者还是谨慎合作吧 无论如何，在很多人看来张碧晨就是《年轮》当之无愧的原唱 ​,170,4760,55747,1598.0
